Раздел;Значение в Excel;Встречается раз;Предложение программы;Классы;Пример ячеек;Проблема
subjects;Разговоры о важном;50;;1А, 1Б, 1В, 1Г, 2а, 2б, 2в, 2д, 3а, 3б, 3в, 3г;C2, D2, E2;Предмет не найден в справочнике системы
subjects;Россия - мои горизонты;26;;6а, 6б, 6в, 6г, 6д, 7а, 7б, 7в, 7г, 7д, 7е, 8а;AA32, AB32, AC32;Предмет не найден в справочнике системы
subjects;Проектная мастерская;9;;9д, 9в, 8е, 8а, 7е;AV9, AV10, AT20;Предмет не найден в справочнике системы
subjects;ОДНКНР;6;;4а, 4б, 4в, 4г, 4д, 4е;P27, Q27, R27;Предмет не найден в справочнике системы
subjects;Математический практикум(внеурочная);5;Практикум;9в, 9б, 9г, 9а, 9д;AT53, AS54, AU55;Предмет не найден в справочнике системы
subjects;Семьеведение;4;;10А, 10Б, 10В, 11и (ест.-научн.);AW22, AX22, AY22;Предмет не найден в справочнике системы
subjects;Практикум по физике;1;Практикум по химии;10Б;AX34;Предмет есть в справочнике, но отсутствует в учебном плане класса
rooms;каб.пр.дея;32;;10А, 11и (техн.), 7а, 9а, 9б, 10Б, 10В, 11и (ест.-научн.);AW9, AZ12, AZ13;Кабинет не найден в справочнике системы
rooms;112;18;;8а, 7а, 7г, 8б, 8в, 8д, 8г, 8е, 7е, 7в, 6д, 7д;AL3, AF4, AI5;Кабинет не найден в справочнике системы
rooms;IT куб 1;16;;7а, 7б, 5А, 5В, 7д, 7е, 5Д, 7г, 7в, 5Г;AF3, AG6, AG13;Кабинет не найден в справочнике системы
rooms;IT куб 2;7;;5Д, 6б, 6г, 8е, 10В;Z3, Z4, AB5;Кабинет не найден в справочнике системы
rooms;БАС;3;;10Б, 10А, 8д;AX19, AW24, AP33;Кабинет не найден в справочнике системы
rooms;акт.зал;1;;10А;AW16;Кабинет не найден в справочнике системы
teachers;Киселев А.Ю.;1;;10В;AY38;Учитель из таблицы по учителям не найден в справочнике системы
