Раздел;Значение в Excel;Значение в системе;Способ сопоставления;Раз
класс;10а;10А;точное;1
класс;10б;10Б;точное;1
класс;10в;10В;точное;1
класс;11и;11и (ест.-научн.), 11и (техн.);точное;1
класс;1а;1А;точное;1
класс;1б;1Б;точное;1
класс;1в;1В;точное;1
класс;1г;1Г;точное;1
класс;2а;2а;точное;1
класс;2б;2б;точное;1
класс;2в;2в;точное;1
класс;2д;2д;точное;1
класс;3а;3а;точное;1
класс;3б;3б;точное;1
класс;3в;3в;точное;1
класс;3г;3г;точное;1
класс;3д;3д;точное;1
класс;4а;4а;точное;1
класс;4б;4б;точное;1
класс;4в;4в;точное;1
класс;4г;4г;точное;1
класс;4д;4д;точное;1
класс;4е;4е;точное;1
класс;5а;5А;точное;1
класс;5б;5Б;точное;1
класс;5в;5В;точное;1
класс;5г;5Г;точное;1
класс;5д;5Д;точное;1
класс;6а;6а;точное;1
класс;6б;6б;точное;1
класс;6в;6в;точное;1
класс;6г;6г;точное;1
класс;6д;6д;точное;1
класс;7а;7а;точное;1
класс;7б;7б;точное;1
класс;7в;7в;точное;1
класс;7г;7г;точное;1
класс;7д;7д;точное;1
класс;7е;7е;точное;1
класс;8а;8а;точное;1
класс;8б;8б;точное;1
класс;8в;8в;точное;1
класс;8г;8г;точное;1
класс;8д;8д;точное;1
класс;8е;8е;точное;1
класс;9а;9а;точное;1
класс;9б;9б;точное;1
класс;9в;9в;точное;1
класс;9г;9г;точное;1
класс;9д;9д;точное;1
день;Вт;вторник;;293
день;Пн;понедельник;;334
день;Пт;пятница;;269
день;Сб;суббота;;43
день;Ср;среда;;303
день;Чт;четверг;;312
урок;0;№0 (07:50–08:25);;85
урок;1;№1 (08:30–09:10);;244
урок;2;№2 (09:25–10:05);;259
урок;3;№3 (10:20–11:00);;259
урок;4;№4 (11:20–12:00);;257
урок;5;№5 (12:20–13:00);;208
урок;6;№6 (13:15–13:55);;149
урок;7;№7 (14:05–14:45);;87
урок;8;№8 (14:55–15:35);;6
предмет;Алгебра;Алгебра;точное;60
предмет;Биология;Биология;точное;48
предмет;Введение в естествознание;Введение в естествознание;точное;4
предмет;Вероятность и статистика;Вероятность и статистика;точное;21
предмет;География;География;точное;36
предмет;Геометрия;Геометрия;точное;51
предмет;ДНКР;Духовно-нравственная культура России;точное;5
предмет;Изобразительное искусство;Изобразительное искусство;точное;34
предмет;Изобразительное искусство;Изобразительное искусство [4б];точное;1
предмет;Иностранный язык (английский);Иностранный (английский) язык;перестановка слов;42
предмет;Иностранный язык (английский);Иностранный (английский) язык [Англ. яз. (п.1)];перестановка слов;74
предмет;Иностранный язык (английский);Иностранный (английский) язык [Англ. яз. (п.2)];перестановка слов;74
предмет;Иностранный язык (английский);Иностранный (английский) язык [подгруппа 1];перестановка слов;2
предмет;Иностранный язык (английский);Иностранный (английский) язык [подгруппа 2];перестановка слов;2
предмет;Информатика;Информатика;точное;14
предмет;Информатика;Информатика [п.1];точное;8
предмет;Информатика;Информатика [п.2];точное;9
предмет;Информатика;Программирование и алгоритмика [Программирование (1гр.)];автоподбор по плану класса (Программирование и алгоритмика);6
предмет;Информатика;Программирование и алгоритмика [Программирование (2гр.)];автоподбор по плану класса (Программирование и алгоритмика);9
предмет;История;История;точное;84
предмет;Литература;Литература;точное;81
предмет;Литературное чтение;Литературное чтение;точное;72
предмет;Литературное чтение;Литературное чтение [4б];точное;4
предмет;Математика;Математика;точное;137
предмет;Математика;Математика [4б];точное;4
предмет;Музыка;Музыка;точное;40
предмет;Музыка;Музыка [4б];точное;1
предмет;ОБЗР;Основы безопасности и защиты Родины;точное;13
предмет;Обществознание;Обществознание;точное;10
предмет;Окружающий мир;Окружающий мир;точное;36
предмет;Окружающий мир;Окружающий мир [4б];точное;2
предмет;ПРОфизика;ПРОфизика;точное;2
предмет;Практикум по биологии;Практикум по биологии;точное;1
предмет;Практикум по химии;Практикум по химии;точное;1
предмет;Практикум по химии;Практикум по химии [Практикум (1гр.)];точное;2
предмет;Практикум по химии;Практикум по химии [Практикум (2гр.)];точное;2
предмет;Русский язык;Русский язык;точное;228
предмет;Русский язык;Русский язык [4б];точное;5
предмет;Труд (технология);Труд (технология);точное;19
предмет;Труд (технология);Труд (технология) [-];точное;45
предмет;Труд (технология);Труд (технология) [4б];точное;1
предмет;Труд (технология);Труд (технология) [Труд (техн. м.)];точное;33
предмет;Физика;Физика;точное;32
предмет;Физическая культура;Физическая культура;точное;109
предмет;Физическая культура;Физическая культура [4б];точное;2
предмет;Химия;Химия;точное;35
предмет;Химия_;Химия [п.1];точное;5
предмет;Черчение;Черчение;точное;6
предмет;Элективный курс по искусственному интеллекту;Элективный курс по искусственному интеллекту;точное;1
предмет;алгебра и начала анализа;Алгебра и начала математического анализа;по справочнику (нечётко 0.91);21
кабинет;103;103;точное;18
кабинет;104;104;точное;17
кабинет;105;105;точное;18
кабинет;106;106;точное;18
кабинет;107;107;точное;18
кабинет;108;108;точное;18
кабинет;110;110;точное;13
кабинет;111;111;точное;19
кабинет;113;113;точное;31
кабинет;114;114;точное;4
кабинет;115;115;точное;13
кабинет;116;116;точное;28
кабинет;117;117;точное;33
кабинет;118;118;точное;33
кабинет;201;201;точное;16
кабинет;204;204;точное;17
кабинет;205;205;точное;17
кабинет;206;206;точное;18
кабинет;208;208;точное;17
кабинет;209;209;точное;16
кабинет;212;212;точное;3
кабинет;215;215;точное;21
кабинет;216;216;точное;14
кабинет;217;217;точное;29
кабинет;218;218;точное;30
кабинет;219;219;точное;29
кабинет;220;220;точное;33
кабинет;221;221;точное;36
кабинет;222;222;точное;28
кабинет;223;223;точное;35
кабинет;301;301;точное;21
кабинет;303;303;точное;18
кабинет;304;304;точное;16
кабинет;305;305;точное;23
кабинет;306;306;точное;17
кабинет;307;307;точное;17
кабинет;309;309;точное;16
кабинет;310;310;точное;19
кабинет;311;311;точное;20
кабинет;312;312;точное;18
кабинет;313;313;точное;22
кабинет;314;314;точное;18
кабинет;315;315;точное;15
кабинет;317;317;точное;26
кабинет;318;318;точное;10
кабинет;319;319;точное;26
кабинет;320;320;точное;22
кабинет;321;321;точное;30
кабинет;322;322;точное;38
кабинет;323;323;точное;34
кабинет;324;324;точное;16
кабинет;325;325;точное;31
кабинет;326;326;точное;27
кабинет;327;327;точное;35
кабинет;405;405;точное;4
кабинет;409;409;точное;7
кабинет;411;411;точное;25
кабинет;412;412;точное;21
кабинет;413;413;точное;30
кабинет;414;414;точное;28
кабинет;415;415;точное;26
кабинет;416;416;точное;11
кабинет;417;417;точное;36
кабинет;418;418;точное;18
кабинет;419;419;точное;24
кабинет;420;420;точное;24
кабинет;спорт.зал;Спортивный зал 1;соответствие;30
кабинет;спорт.зал2;Спортивный зал 2;соответствие;31
кабинет;спорт.зал3;Спортивный зал 3;соответствие;44
учитель;Авдеева Е.Ю.;Авдеева Елена Юрьевна;точное;6
учитель;Авдеева Е.Ю.;Лаврушина Елена Евгеньевна;по плану;1
учитель;Агафонова А.Г.;Агафонова Анна Геннадьевна;точное;17
учитель;Алейникова О.С.;Алейникова Ольга Сергеевна;точное;28
учитель;Аллахярова М.С.;Аллахярова Мина Синдибатовна;точное;27
учитель;Афанасьева О.В.;Афанасьева Ольга Владимировна;точное;22
учитель;Ахидов К.А.;Ахидов Кирилл Александрович;точное;19
учитель;Байгуллова А.М.;Байгуллова Асия Маратовна;точное;12
учитель;Балашов С.М.;Ахидов Кирилл Александрович;по плану;2
учитель;Балашов С.М.;Балашов Сергей Михайлович;точное;25
учитель;Богачкина Т.В.;Богачкина Татьяна Валентиновна;точное;5
учитель;Богданчук О.А.;Богданчук Ольга Александровна;точное;31
учитель;Бочкарева Е..С.;Бочкарева Елизавета Сергеевна;точное;30
учитель;Верещук С.Е.;Верещук Станислав Евгеньевич;точное;26
учитель;Витрук А.А.;Витрук Алена Анатольевна;точное;29
учитель;Витрук О.А.;Витрук Оксана Анатольевна;точное;28
учитель;Воеводина М.В.;Воеводина Марина Владимировна;точное;20
учитель;Волкова А.С.;Волкова Анна Сергеевна;точное;24
учитель;Гасанова М.В.;Гасанова Матанат Вахтан кызы;точное;35
учитель;Голубева В.Е.;Голубева Виктория Евгеньевна;точное;24
учитель;Дубровская Е.А.;Дубровская Екатерина Александровна;точное;17
учитель;Дудова А.Л.;Дудова Арина Леонидовна;точное;36
учитель;Елистратов М.О.;Елистратов Михаил Олегович;точное;8
учитель;Ефанова Е.В.;Ефанова Елена Вячеславовна;точное;9
учитель;Захарова С.А.;Захарова Светлана Анатольевна;точное;23
учитель;Кабирова А.Ш.;Кабирова Алсу Шамильевна;точное;18
учитель;Калугина К.Д.;Калугина Ксения Дмитриевна;точное;38
учитель;Каменских Д.Д.;Каменских Дарья Дмитриевна;точное;26
учитель;Киселев А.Ю.;Верещук Станислав Евгеньевич;по плану;1
учитель;Киселева Е.О.;Киселева Елена Олеговна;точное;4
учитель;Климашина Е.В.;Климашина Елена Валентиновна;точное;17
учитель;Кобко А.С.;Кобко Анна Сергеевна;точное;34
учитель;Кубарева Д.М.;Кубарева Дарья Максимовна;точное;30
учитель;Кузнецова О.В.;Кузнецова Ольга Васильевна;точное, неоднозначно;16
учитель;Кузнецова О.Вл.;Кузнецова Ольга Владимировна;точное;27
учитель;Курова М.С.;Курова Майя Сергеевна;точное;11
учитель;Лаврушина Е.Е.;Лаврушина Елена Евгеньевна;точное;10
учитель;Лобачева Т.В.;Лобачева Татьяна Владимировна;точное;36
учитель;Лопатина М.А.;Лопатина Марина Анатольевна;точное;35
учитель;Лёшина Н.И.;Лёшина Наталья Ивановна;точное;22
учитель;Малиновская Т.В.;Малиновская Татьяна Владимировна;точное;24
учитель;Марцинкевич Ю.Ю.;Марцинкевич Юлия Юрьевна;точное;26
учитель;Мезитова А.С.;Мезитова Анастасия Сергеевна;точное;16
учитель;Михайлова Ю.А.;Михайлова Юлия Александровна;точное;28
учитель;Мудрова Е.В.;Мудрова Елена Викторовна;точное;17
учитель;Мурадова А.Ф.;Мурадова Айгюль Фирудин Кызы;точное;24
учитель;Назарова А.А.;Назарова Анна Александровна;точное;28
учитель;Нигматулина З.А.;Нигматулина Зульфия Абдулкабировна;точное;22
учитель;Нигматулина З.А.;Сметанина Оксана Владимировна;по плану;1
учитель;Никифорович С.П.;Никифорович Светлана Петровна;точное;23
учитель;Павлова А.В.;Павлова Анастасия Владимировна;точное;22
учитель;Панина Е.А.;Панина Евгения Анатольевна;точное;33
учитель;Парфенова Н.В.;Парфенова Нина Васильевна;точное;17
учитель;Петрова Е.А.;Петрова Елена Анатольевна;точное;33
учитель;Петрова Н.Ю.;Петрова Наталья Юрьевна;точное;30
учитель;Прохорова О.М.;Прохорова Ольга Михайловна;точное;29
учитель;Родионова С.Е.;Родионова Светлана Евгеньевна;точное;21
учитель;Сафронова М.А.;Сафронова Мария Андреевна;точное;21
учитель;Сметанина О.В.;Сметанина Оксана Владимировна;точное;15
учитель;Султанова А.Р.;Султанова Алина Ринатовна;точное;19
учитель;Суханова А.А.;Суханова Александра Алексеевна;точное;20
учитель;Тепляшина Е.С.;Тепляшина Елизавета Сергеевна;точное;18
учитель;Трофимычева М.С.;Трофимычева Мария Сергеевна;точное;28
учитель;Федотова Е.В.;Федотова Екатерина Викторовна;точное;33
учитель;Хайрулина Т.И.;Хайрулина Татьяна Ивановна;точное;31
учитель;Хафизова Г.Г.;Хафизова Гузял Гумеровна;точное;19
учитель;Шагеев Р.Ш.;Шагеев Руслан Шамилевич;точное;28
учитель;Шамшутдинова Л.Х.;Шамшутдинова Лилия Хатимулловна;точное;18
учитель;Шеремеева И.В.;Шеремеева Ирина Владимировна;точное;17
учитель;Шерина С.В.;Малиновская Татьяна Владимировна;по плану;2
учитель;Шерина С.В.;Шерина Светлана Владимировна;точное;12
учитель;Ямкина А.А.;Ямкина Александра Анатольевна;точное;30
